,run,step,small triangle,middle triangle,big triangle,square,parallelogram
0,0,1,"{(2.0, 135.0)}",set(),set(),set(),set()
1,0,2,"{(23.0, 0.0), (2.0, 135.0)}",set(),set(),set(),set()
2,0,3,"{(23.0, 0.0), (2.0, 135.0)}",set(),set(),set(),"{(11.0, 90.0)}"
3,0,4,"{(23.0, 0.0), (2.0, 135.0)}",set(),"{(13.0, 270.0)}",set(),"{(11.0, 90.0)}"
4,0,5,"{(23.0, 0.0), (2.0, 135.0)}",set(),"{(7.0, 90.0), (13.0, 270.0)}",set(),"{(11.0, 90.0)}"
5,0,6,"{(23.0, 0.0), (2.0, 135.0)}",set(),"{(13.0, 270.0)}","{(23.0, 0.0)}","{(11.0, 90.0)}"
6,0,7,"{(23.0, 0.0), (2.0, 135.0)}","{(8.0, 225.0)}","{(13.0, 270.0)}","{(23.0, 0.0)}","{(11.0, 90.0)}"
7,0,8,"{(23.0, 0.0), (2.0, 135.0)}","{(12.0, 270.0)}",set(),"{(23.0, 0.0)}","{(11.0, 90.0)}"
8,0,9,"{(23.0, 0.0), (2.0, 135.0)}",set(),set(),"{(23.0, 0.0)}","{(11.0, 90.0)}"
9,0,10,"{(23.0, 0.0), (2.0, 135.0)}","{(12.0, 180.0)}",set(),"{(23.0, 0.0)}","{(11.0, 90.0)}"
10,0,11,"{(23.0, 0.0), (2.0, 135.0)}","{(12.0, 180.0)}","{(12.0, 135.0)}","{(23.0, 0.0)}","{(11.0, 90.0)}"
11,0,12,"{(23.0, 0.0), (2.0, 135.0)}","{(12.0, 180.0)}",set(),"{(23.0, 0.0)}","{(11.0, 90.0)}"
12,0,13,"{(23.0, 0.0), (2.0, 135.0)}",set(),"{(7.0, 45.0)}","{(23.0, 0.0)}","{(11.0, 90.0)}"
13,0,14,"{(23.0, 0.0), (2.0, 135.0)}","{(8.0, 225.0)}","{(7.0, 45.0)}","{(23.0, 0.0)}","{(11.0, 90.0)}"
14,0,15,"{(23.0, 0.0), (2.0, 135.0)}","{(8.0, 225.0)}","{(12.0, 135.0), (7.0, 45.0)}","{(23.0, 0.0)}","{(11.0, 90.0)}"
15,0,16,"{(23.0, 0.0), (2.0, 135.0)}","{(8.0, 225.0)}","{(12.0, 135.0), (7.0, 45.0)}","{(23.0, 0.0)}","{(11.0, 90.0)}"
16,0,17,"{(23.0, 0.0), (2.0, 135.0)}","{(8.0, 225.0)}","{(12.0, 135.0), (7.0, 45.0)}","{(23.0, 0.0)}","{(11.0, 90.0)}"
17,0,18,"{(23.0, 0.0), (2.0, 135.0)}","{(8.0, 225.0)}","{(12.0, 135.0), (7.0, 45.0)}","{(23.0, 0.0)}","{(11.0, 90.0)}"
18,0,19,"{(23.0, 0.0), (2.0, 135.0)}","{(8.0, 225.0)}","{(12.0, 135.0), (7.0, 45.0)}","{(23.0, 0.0)}","{(11.0, 90.0)}"
19,1,1,set(),set(),"{(13.0, 270.0)}",set(),set()
20,1,2,set(),set(),"{(13.0, 270.0)}","{(23.0, 0.0)}",set()
21,1,3,set(),set(),"{(7.0, 90.0), (13.0, 270.0)}","{(23.0, 0.0)}",set()
22,1,4,"{(2.0, 135.0)}",set(),"{(13.0, 270.0)}","{(23.0, 0.0)}",set()
23,1,5,"{(23.0, 0.0), (2.0, 135.0)}",set(),"{(13.0, 270.0)}","{(23.0, 0.0)}",set()
24,1,6,"{(23.0, 0.0), (2.0, 135.0)}","{(8.0, 225.0)}","{(13.0, 270.0)}","{(23.0, 0.0)}",set()
25,1,7,"{(23.0, 0.0), (2.0, 135.0)}",set(),"{(7.0, 90.0), (13.0, 270.0)}","{(23.0, 0.0)}",set()
26,1,8,"{(23.0, 0.0), (2.0, 135.0)}",set(),"{(13.0, 270.0)}","{(23.0, 0.0)}","{(11.0, 90.0)}"
27,1,9,"{(23.0, 0.0), (2.0, 135.0)}","{(12.0, 270.0)}",set(),"{(23.0, 0.0)}","{(11.0, 90.0)}"
28,1,10,"{(23.0, 0.0), (2.0, 135.0)}",set(),"{(13.0, 270.0)}","{(23.0, 0.0)}","{(11.0, 90.0)}"
29,1,11,"{(23.0, 0.0), (2.0, 135.0)}",set(),"{(7.0, 90.0), (13.0, 270.0)}","{(23.0, 0.0)}","{(11.0, 90.0)}"
30,1,12,"{(23.0, 0.0), (2.0, 135.0)}","{(8.0, 225.0)}","{(13.0, 270.0)}","{(23.0, 0.0)}","{(11.0, 90.0)}"
31,1,13,"{(23.0, 0.0), (2.0, 135.0)}","{(8.0, 135.0)}","{(13.0, 270.0)}","{(23.0, 0.0)}","{(11.0, 90.0)}"
32,2,1,"{(23.0, 0.0)}",set(),set(),set(),set()
33,2,2,"{(23.0, 0.0), (2.0, 135.0)}",set(),set(),set(),set()
34,2,3,"{(23.0, 0.0), (2.0, 135.0)}",set(),set(),set(),"{(7.0, 135.0)}"
35,2,4,"{(23.0, 0.0), (2.0, 135.0)}",set(),"{(13.0, 270.0)}",set(),"{(7.0, 135.0)}"
36,2,5,"{(23.0, 0.0), (2.0, 135.0)}",set(),set(),"{(23.0, 0.0)}","{(7.0, 135.0)}"
37,2,6,"{(23.0, 0.0), (2.0, 135.0)}","{(12.0, 180.0)}",set(),"{(23.0, 0.0)}","{(7.0, 135.0)}"
38,2,7,"{(23.0, 0.0), (2.0, 135.0)}","{(8.0, 225.0)}",set(),"{(23.0, 0.0)}","{(7.0, 135.0)}"
39,2,8,"{(23.0, 0.0), (2.0, 135.0)}","{(8.0, 225.0)}","{(13.0, 270.0)}","{(23.0, 0.0)}","{(7.0, 135.0)}"
40,2,9,"{(23.0, 0.0), (2.0, 135.0)}","{(8.0, 225.0)}",set(),"{(23.0, 0.0)}",set()
41,2,10,"{(23.0, 0.0), (2.0, 135.0)}","{(8.0, 225.0)}",set(),"{(23.0, 0.0)}","{(12.0, 90.0)}"
42,2,11,"{(23.0, 0.0), (2.0, 135.0)}","{(8.0, 225.0)}","{(7.0, 45.0)}","{(23.0, 0.0)}","{(12.0, 90.0)}"
43,2,12,"{(23.0, 0.0), (2.0, 135.0)}","{(8.0, 225.0)}","{(8.0, 270.0)}","{(23.0, 0.0)}","{(12.0, 90.0)}"
44,2,13,"{(23.0, 0.0), (2.0, 135.0)}","{(8.0, 225.0)}",set(),"{(23.0, 0.0)}","{(12.0, 90.0)}"
45,2,14,"{(23.0, 0.0), (2.0, 135.0)}","{(8.0, 225.0)}","{(8.0, 270.0)}","{(23.0, 0.0)}",set()
46,2,15,"{(23.0, 0.0), (2.0, 135.0)}","{(8.0, 225.0)}",set(),"{(23.0, 0.0)}",set()
47,2,16,"{(23.0, 0.0), (2.0, 135.0)}","{(8.0, 225.0)}",set(),"{(23.0, 0.0)}","{(12.0, 90.0)}"
48,2,17,"{(23.0, 0.0), (2.0, 135.0)}","{(8.0, 225.0)}","{(7.0, 45.0)}","{(23.0, 0.0)}","{(12.0, 90.0)}"
49,3,1,"{(23.0, 0.0)}",set(),set(),set(),set()
50,3,2,"{(23.0, 0.0)}",set(),"{(13.0, 270.0)}",set(),set()
51,3,3,"{(23.0, 0.0)}",set(),"{(13.0, 270.0)}",set(),"{(11.0, 90.0)}"
52,3,4,"{(23.0, 0.0)}",set(),"{(7.0, 90.0), (13.0, 270.0)}",set(),"{(11.0, 90.0)}"
53,3,5,"{(23.0, 0.0), (2.0, 135.0)}",set(),"{(13.0, 270.0)}",set(),"{(11.0, 90.0)}"
54,3,6,"{(23.0, 0.0), (2.0, 135.0)}",set(),"{(13.0, 270.0)}","{(23.0, 0.0)}","{(11.0, 90.0)}"
55,3,7,"{(23.0, 0.0), (2.0, 135.0)}","{(8.0, 225.0)}","{(13.0, 270.0)}","{(23.0, 0.0)}","{(11.0, 90.0)}"
56,3,8,"{(23.0, 0.0), (2.0, 135.0)}",set(),"{(7.0, 90.0), (13.0, 270.0)}","{(23.0, 0.0)}","{(11.0, 90.0)}"
57,3,9,"{(23.0, 0.0), (2.0, 135.0)}","{(12.0, 270.0)}",set(),"{(23.0, 0.0)}","{(11.0, 90.0)}"
58,3,10,"{(23.0, 0.0), (2.0, 135.0)}","{(8.0, 135.0)}",set(),"{(23.0, 0.0)}","{(11.0, 90.0)}"
59,3,11,"{(23.0, 0.0), (2.0, 135.0)}","{(8.0, 135.0)}","{(13.0, 270.0)}","{(23.0, 0.0)}","{(11.0, 90.0)}"
60,3,12,"{(23.0, 0.0), (2.0, 135.0)}","{(8.0, 135.0)}",set(),"{(23.0, 0.0)}","{(11.0, 90.0)}"
61,3,13,"{(23.0, 0.0), (2.0, 135.0)}","{(8.0, 225.0)}",set(),"{(23.0, 0.0)}","{(11.0, 90.0)}"
62,3,14,"{(23.0, 0.0), (2.0, 135.0)}","{(8.0, 225.0)}","{(7.0, 45.0)}","{(23.0, 0.0)}","{(11.0, 90.0)}"
63,3,15,"{(23.0, 0.0), (2.0, 135.0)}","{(8.0, 225.0)}","{(12.0, 135.0), (7.0, 45.0)}","{(23.0, 0.0)}","{(11.0, 90.0)}"
64,3,16,"{(23.0, 0.0), (2.0, 135.0)}","{(8.0, 225.0)}","{(12.0, 135.0), (7.0, 45.0)}","{(23.0, 0.0)}","{(11.0, 90.0)}"
65,3,17,"{(23.0, 0.0), (2.0, 135.0)}","{(8.0, 225.0)}","{(12.0, 135.0), (7.0, 45.0)}","{(23.0, 0.0)}","{(11.0, 90.0)}"
66,3,18,"{(23.0, 0.0), (2.0, 135.0)}","{(8.0, 225.0)}","{(12.0, 135.0), (7.0, 45.0)}","{(23.0, 0.0)}","{(11.0, 90.0)}"
67,4,1,set(),"{(8.0, 225.0)}",set(),set(),set()
68,4,2,"{(23.0, 0.0)}","{(8.0, 225.0)}",set(),set(),set()
69,4,3,"{(23.0, 0.0), (2.0, 135.0)}","{(8.0, 225.0)}",set(),set(),set()
70,4,4,"{(23.0, 0.0), (2.0, 135.0)}","{(8.0, 225.0)}",set(),set(),"{(11.0, 90.0)}"
71,4,5,"{(23.0, 0.0), (2.0, 135.0)}","{(8.0, 225.0)}",set(),"{(23.0, 0.0)}","{(11.0, 90.0)}"
72,4,6,"{(23.0, 0.0), (2.0, 135.0)}","{(8.0, 225.0)}","{(7.0, 45.0)}","{(23.0, 0.0)}","{(11.0, 90.0)}"
73,4,7,"{(23.0, 0.0), (2.0, 135.0)}","{(8.0, 225.0)}","{(12.0, 135.0), (7.0, 45.0)}","{(23.0, 0.0)}","{(11.0, 90.0)}"
74,4,8,"{(23.0, 0.0), (2.0, 135.0)}","{(8.0, 225.0)}","{(12.0, 135.0), (7.0, 45.0)}","{(23.0, 0.0)}","{(11.0, 90.0)}"
75,4,9,"{(23.0, 0.0), (2.0, 135.0)}","{(8.0, 225.0)}","{(12.0, 135.0), (7.0, 45.0)}","{(23.0, 0.0)}","{(11.0, 90.0)}"
76,4,10,"{(23.0, 0.0), (2.0, 135.0)}","{(8.0, 225.0)}","{(12.0, 135.0), (7.0, 45.0)}","{(23.0, 0.0)}","{(11.0, 90.0)}"
77,4,11,"{(23.0, 0.0), (2.0, 135.0)}","{(8.0, 225.0)}","{(12.0, 135.0), (7.0, 45.0)}","{(23.0, 0.0)}","{(11.0, 90.0)}"
78,4,12,"{(23.0, 0.0), (2.0, 135.0)}","{(8.0, 225.0)}","{(12.0, 135.0), (7.0, 45.0)}","{(23.0, 0.0)}","{(11.0, 90.0)}"
79,4,13,"{(23.0, 0.0), (2.0, 135.0)}","{(8.0, 225.0)}","{(12.0, 135.0), (7.0, 45.0)}","{(23.0, 0.0)}","{(11.0, 90.0)}"
80,4,14,"{(23.0, 0.0), (2.0, 135.0)}","{(8.0, 225.0)}","{(12.0, 135.0), (7.0, 45.0)}","{(23.0, 0.0)}","{(11.0, 90.0)}"
81,4,15,"{(23.0, 0.0), (2.0, 135.0)}","{(8.0, 225.0)}","{(12.0, 135.0), (7.0, 45.0)}","{(23.0, 0.0)}","{(11.0, 90.0)}"
82,4,16,"{(23.0, 0.0), (2.0, 135.0)}","{(8.0, 225.0)}","{(12.0, 135.0), (7.0, 45.0)}","{(23.0, 0.0)}","{(11.0, 90.0)}"
83,4,17,"{(23.0, 0.0), (2.0, 135.0)}","{(8.0, 225.0)}","{(12.0, 135.0), (7.0, 45.0)}","{(23.0, 0.0)}","{(11.0, 90.0)}"
84,5,1,"{(23.0, 0.0)}",set(),set(),set(),set()
85,5,2,"{(23.0, 0.0), (2.0, 135.0)}",set(),set(),set(),set()
86,5,3,"{(23.0, 0.0), (2.0, 135.0)}",set(),set(),set(),"{(11.0, 90.0)}"
87,5,4,"{(23.0, 0.0), (2.0, 135.0)}",set(),"{(7.0, 45.0)}",set(),"{(11.0, 90.0)}"
88,5,5,"{(23.0, 0.0), (2.0, 135.0)}",set(),"{(7.0, 45.0)}","{(23.0, 0.0)}","{(11.0, 90.0)}"
89,5,6,"{(23.0, 0.0), (2.0, 135.0)}",set(),"{(7.0, 45.0)}","{(23.0, 0.0)}","{(11.0, 90.0)}"
90,5,7,"{(23.0, 0.0), (2.0, 135.0)}","{(8.0, 225.0)}","{(7.0, 45.0)}","{(23.0, 0.0)}","{(11.0, 90.0)}"
91,5,8,"{(23.0, 0.0), (2.0, 135.0)}","{(8.0, 225.0)}","{(12.0, 135.0), (7.0, 45.0)}","{(23.0, 0.0)}","{(11.0, 90.0)}"
92,5,9,"{(23.0, 0.0), (2.0, 135.0)}","{(8.0, 225.0)}","{(12.0, 135.0), (7.0, 45.0)}","{(23.0, 0.0)}","{(11.0, 90.0)}"
93,5,10,"{(23.0, 0.0), (2.0, 135.0)}","{(8.0, 225.0)}","{(12.0, 135.0), (7.0, 45.0)}","{(23.0, 0.0)}","{(11.0, 90.0)}"
94,5,11,"{(23.0, 0.0), (2.0, 135.0)}","{(8.0, 225.0)}","{(12.0, 135.0), (7.0, 45.0)}","{(23.0, 0.0)}","{(11.0, 90.0)}"
95,5,12,"{(23.0, 0.0), (2.0, 135.0)}","{(8.0, 225.0)}","{(12.0, 135.0), (7.0, 45.0)}","{(23.0, 0.0)}","{(11.0, 90.0)}"
96,5,13,"{(23.0, 0.0), (2.0, 135.0)}","{(8.0, 225.0)}","{(12.0, 135.0), (7.0, 45.0)}","{(23.0, 0.0)}","{(11.0, 90.0)}"
97,5,14,"{(23.0, 0.0), (2.0, 135.0)}","{(8.0, 225.0)}","{(12.0, 135.0), (7.0, 45.0)}","{(23.0, 0.0)}","{(11.0, 90.0)}"
98,5,15,"{(23.0, 0.0), (2.0, 135.0)}","{(8.0, 225.0)}","{(12.0, 135.0), (7.0, 45.0)}","{(23.0, 0.0)}","{(11.0, 90.0)}"
99,5,16,"{(23.0, 0.0), (2.0, 135.0)}","{(8.0, 225.0)}","{(12.0, 135.0), (7.0, 45.0)}","{(23.0, 0.0)}","{(11.0, 90.0)}"
100,5,17,"{(23.0, 0.0), (2.0, 135.0)}","{(8.0, 225.0)}","{(12.0, 135.0), (7.0, 45.0)}","{(23.0, 0.0)}","{(11.0, 90.0)}"
101,5,18,"{(23.0, 0.0), (2.0, 135.0)}","{(8.0, 225.0)}","{(12.0, 135.0), (7.0, 45.0)}","{(23.0, 0.0)}","{(11.0, 90.0)}"
102,6,1,set(),set(),set(),"{(23.0, 0.0)}",set()
103,6,2,set(),set(),set(),"{(23.0, 0.0)}","{(11.0, 90.0)}"
104,6,3,"{(23.0, 0.0)}",set(),set(),"{(23.0, 0.0)}","{(11.0, 90.0)}"
105,6,4,"{(23.0, 0.0), (2.0, 135.0)}",set(),set(),"{(23.0, 0.0)}","{(11.0, 90.0)}"
106,6,5,"{(23.0, 0.0), (2.0, 135.0)}",set(),"{(7.0, 45.0)}","{(23.0, 0.0)}","{(11.0, 90.0)}"
107,6,6,"{(23.0, 0.0), (2.0, 135.0)}",set(),"{(7.0, 45.0)}","{(23.0, 0.0)}","{(11.0, 90.0)}"
108,6,7,"{(23.0, 0.0), (2.0, 135.0)}","{(8.0, 225.0)}","{(7.0, 45.0)}","{(23.0, 0.0)}","{(11.0, 90.0)}"
109,6,8,"{(23.0, 0.0), (2.0, 135.0)}","{(8.0, 225.0)}","{(12.0, 135.0), (7.0, 45.0)}","{(23.0, 0.0)}","{(11.0, 90.0)}"
110,6,9,"{(23.0, 0.0), (2.0, 135.0)}","{(8.0, 225.0)}","{(12.0, 135.0), (7.0, 45.0)}","{(23.0, 0.0)}","{(11.0, 90.0)}"
111,6,10,"{(23.0, 0.0), (2.0, 135.0)}","{(8.0, 225.0)}","{(12.0, 135.0), (7.0, 45.0)}","{(23.0, 0.0)}","{(11.0, 90.0)}"
112,6,11,"{(23.0, 0.0), (2.0, 135.0)}","{(8.0, 225.0)}","{(12.0, 135.0), (7.0, 45.0)}","{(23.0, 0.0)}","{(11.0, 90.0)}"
113,6,12,"{(23.0, 0.0), (2.0, 135.0)}","{(8.0, 225.0)}","{(12.0, 135.0), (7.0, 45.0)}","{(23.0, 0.0)}","{(11.0, 90.0)}"
114,6,13,"{(23.0, 0.0), (2.0, 135.0)}","{(8.0, 225.0)}","{(12.0, 135.0), (7.0, 45.0)}","{(23.0, 0.0)}","{(11.0, 90.0)}"
115,6,14,"{(23.0, 0.0), (2.0, 135.0)}","{(8.0, 225.0)}","{(12.0, 135.0), (7.0, 45.0)}","{(23.0, 0.0)}","{(11.0, 90.0)}"
116,6,15,"{(23.0, 0.0), (2.0, 135.0)}","{(8.0, 225.0)}","{(12.0, 135.0), (7.0, 45.0)}","{(23.0, 0.0)}","{(11.0, 90.0)}"
117,6,16,"{(23.0, 0.0), (2.0, 135.0)}","{(8.0, 225.0)}","{(12.0, 135.0), (7.0, 45.0)}","{(23.0, 0.0)}","{(11.0, 90.0)}"
118,6,17,"{(23.0, 0.0), (2.0, 135.0)}","{(8.0, 225.0)}","{(12.0, 135.0), (7.0, 45.0)}","{(23.0, 0.0)}","{(11.0, 90.0)}"
119,6,18,"{(23.0, 0.0), (2.0, 135.0)}","{(8.0, 225.0)}","{(12.0, 135.0), (7.0, 45.0)}","{(23.0, 0.0)}","{(11.0, 90.0)}"
120,7,1,"{(23.0, 0.0)}",set(),set(),set(),set()
121,7,2,"{(23.0, 0.0)}",set(),set(),set(),"{(12.0, 90.0)}"
122,7,3,"{(23.0, 0.0)}",set(),set(),"{(23.0, 0.0)}","{(12.0, 90.0)}"
123,7,4,"{(23.0, 0.0), (2.0, 135.0)}",set(),set(),"{(23.0, 0.0)}","{(12.0, 90.0)}"
124,7,5,"{(23.0, 0.0), (2.0, 135.0)}",set(),"{(7.0, 45.0)}","{(23.0, 0.0)}","{(12.0, 90.0)}"
125,7,6,"{(23.0, 0.0), (2.0, 135.0)}","{(12.0, 180.0)}",set(),"{(23.0, 0.0)}","{(12.0, 90.0)}"
126,7,7,"{(23.0, 0.0), (2.0, 135.0)}","{(8.0, 225.0)}",set(),"{(23.0, 0.0)}","{(12.0, 90.0)}"
127,7,8,"{(23.0, 0.0), (2.0, 135.0)}","{(8.0, 225.0)}","{(7.0, 45.0)}","{(23.0, 0.0)}",set()
128,7,9,"{(23.0, 0.0), (2.0, 135.0)}","{(8.0, 225.0)}","{(7.0, 45.0)}","{(23.0, 0.0)}","{(11.0, 90.0)}"
129,7,10,"{(23.0, 0.0), (2.0, 135.0)}","{(8.0, 225.0)}","{(12.0, 135.0), (7.0, 45.0)}","{(23.0, 0.0)}","{(11.0, 90.0)}"
130,7,11,"{(23.0, 0.0), (2.0, 135.0)}","{(8.0, 225.0)}","{(12.0, 135.0), (7.0, 45.0)}","{(23.0, 0.0)}","{(11.0, 90.0)}"
131,7,12,"{(23.0, 0.0), (2.0, 135.0)}","{(8.0, 225.0)}","{(12.0, 135.0), (7.0, 45.0)}","{(23.0, 0.0)}","{(11.0, 90.0)}"
132,7,13,"{(23.0, 0.0), (2.0, 135.0)}","{(8.0, 225.0)}","{(12.0, 135.0), (7.0, 45.0)}","{(23.0, 0.0)}","{(11.0, 90.0)}"
133,7,14,"{(23.0, 0.0), (2.0, 135.0)}","{(8.0, 225.0)}","{(12.0, 135.0), (7.0, 45.0)}","{(23.0, 0.0)}","{(11.0, 90.0)}"
134,7,15,"{(23.0, 0.0), (2.0, 135.0)}","{(8.0, 225.0)}","{(12.0, 135.0), (7.0, 45.0)}","{(23.0, 0.0)}","{(11.0, 90.0)}"
135,7,16,"{(23.0, 0.0), (2.0, 135.0)}","{(8.0, 225.0)}","{(12.0, 135.0), (7.0, 45.0)}","{(23.0, 0.0)}","{(11.0, 90.0)}"
136,7,17,"{(23.0, 0.0), (2.0, 135.0)}","{(8.0, 225.0)}","{(12.0, 135.0), (7.0, 45.0)}","{(23.0, 0.0)}","{(11.0, 90.0)}"
137,8,1,"{(2.0, 135.0)}",set(),set(),set(),set()
138,8,2,"{(2.0, 135.0)}",set(),set(),set(),"{(12.0, 90.0)}"
139,8,3,"{(23.0, 0.0), (2.0, 135.0)}",set(),set(),set(),"{(12.0, 90.0)}"
140,8,4,"{(23.0, 0.0), (2.0, 135.0)}",set(),"{(7.0, 45.0)}",set(),"{(12.0, 90.0)}"
141,8,5,"{(23.0, 0.0), (2.0, 135.0)}",set(),set(),"{(23.0, 0.0)}","{(12.0, 90.0)}"
142,8,6,"{(23.0, 0.0), (2.0, 135.0)}","{(12.0, 180.0)}",set(),"{(23.0, 0.0)}","{(12.0, 90.0)}"
143,8,7,"{(23.0, 0.0), (2.0, 135.0)}","{(8.0, 225.0)}",set(),"{(23.0, 0.0)}","{(12.0, 90.0)}"
144,8,8,"{(23.0, 0.0), (2.0, 135.0)}","{(8.0, 225.0)}","{(7.0, 45.0)}","{(23.0, 0.0)}","{(12.0, 90.0)}"
145,8,9,"{(23.0, 0.0), (2.0, 135.0)}","{(8.0, 225.0)}","{(7.0, 45.0)}","{(23.0, 0.0)}",set()
146,8,10,"{(23.0, 0.0), (2.0, 135.0)}","{(8.0, 225.0)}","{(12.0, 135.0), (7.0, 45.0)}","{(23.0, 0.0)}",set()
147,8,11,"{(23.0, 0.0), (2.0, 135.0)}","{(8.0, 225.0)}","{(12.0, 135.0), (7.0, 45.0)}","{(23.0, 0.0)}","{(11.0, 90.0)}"
148,8,12,"{(23.0, 0.0), (2.0, 135.0)}","{(8.0, 225.0)}","{(12.0, 135.0), (7.0, 45.0)}","{(23.0, 0.0)}","{(11.0, 90.0)}"
149,8,13,"{(23.0, 0.0), (2.0, 135.0)}","{(8.0, 225.0)}","{(12.0, 135.0), (7.0, 45.0)}","{(23.0, 0.0)}","{(11.0, 90.0)}"
150,8,14,"{(23.0, 0.0), (2.0, 135.0)}","{(8.0, 225.0)}","{(12.0, 135.0), (7.0, 45.0)}","{(23.0, 0.0)}","{(11.0, 90.0)}"
151,8,15,"{(23.0, 0.0), (2.0, 135.0)}","{(8.0, 225.0)}","{(12.0, 135.0), (7.0, 45.0)}","{(23.0, 0.0)}","{(11.0, 90.0)}"
152,8,16,"{(23.0, 0.0), (2.0, 135.0)}","{(8.0, 225.0)}","{(12.0, 135.0), (7.0, 45.0)}","{(23.0, 0.0)}","{(11.0, 90.0)}"
153,8,17,"{(23.0, 0.0), (2.0, 135.0)}","{(8.0, 225.0)}","{(12.0, 135.0), (7.0, 45.0)}","{(23.0, 0.0)}","{(11.0, 90.0)}"
154,9,1,set(),"{(8.0, 225.0)}",set(),set(),set()
155,9,2,set(),"{(8.0, 225.0)}",set(),"{(23.0, 0.0)}",set()
156,9,3,"{(23.0, 0.0)}","{(8.0, 225.0)}",set(),"{(23.0, 0.0)}",set()
157,9,4,"{(23.0, 0.0)}","{(8.0, 225.0)}",set(),"{(23.0, 0.0)}","{(11.0, 90.0)}"
158,9,5,"{(23.0, 0.0), (2.0, 135.0)}","{(8.0, 225.0)}",set(),"{(23.0, 0.0)}","{(11.0, 90.0)}"
159,9,6,"{(23.0, 0.0), (2.0, 135.0)}","{(8.0, 225.0)}","{(7.0, 45.0)}","{(23.0, 0.0)}","{(11.0, 90.0)}"
160,9,7,"{(23.0, 0.0), (2.0, 135.0)}","{(8.0, 225.0)}","{(12.0, 135.0), (7.0, 45.0)}","{(23.0, 0.0)}","{(11.0, 90.0)}"
161,9,8,"{(23.0, 0.0), (2.0, 135.0)}","{(8.0, 225.0)}","{(12.0, 135.0), (7.0, 45.0)}","{(23.0, 0.0)}","{(11.0, 90.0)}"
162,9,9,"{(23.0, 0.0), (2.0, 135.0)}","{(8.0, 225.0)}","{(12.0, 135.0), (7.0, 45.0)}","{(23.0, 0.0)}","{(11.0, 90.0)}"
163,9,10,"{(23.0, 0.0), (2.0, 135.0)}","{(8.0, 225.0)}","{(12.0, 135.0), (7.0, 45.0)}","{(23.0, 0.0)}","{(11.0, 90.0)}"
164,9,11,"{(23.0, 0.0), (2.0, 135.0)}","{(8.0, 225.0)}","{(12.0, 135.0), (7.0, 45.0)}","{(23.0, 0.0)}","{(11.0, 90.0)}"
165,9,12,"{(23.0, 0.0), (2.0, 135.0)}","{(8.0, 225.0)}","{(12.0, 135.0), (7.0, 45.0)}","{(23.0, 0.0)}","{(11.0, 90.0)}"
166,9,13,"{(23.0, 0.0), (2.0, 135.0)}","{(8.0, 225.0)}","{(12.0, 135.0), (7.0, 45.0)}","{(23.0, 0.0)}","{(11.0, 90.0)}"
167,9,14,"{(23.0, 0.0), (2.0, 135.0)}","{(8.0, 225.0)}","{(12.0, 135.0), (7.0, 45.0)}","{(23.0, 0.0)}","{(11.0, 90.0)}"
168,9,15,"{(23.0, 0.0), (2.0, 135.0)}","{(8.0, 225.0)}","{(12.0, 135.0), (7.0, 45.0)}","{(23.0, 0.0)}","{(11.0, 90.0)}"
169,9,16,"{(23.0, 0.0), (2.0, 135.0)}","{(8.0, 225.0)}","{(12.0, 135.0), (7.0, 45.0)}","{(23.0, 0.0)}","{(11.0, 90.0)}"
170,9,17,"{(23.0, 0.0), (2.0, 135.0)}","{(8.0, 225.0)}","{(12.0, 135.0), (7.0, 45.0)}","{(23.0, 0.0)}","{(11.0, 90.0)}"
171,10,1,set(),set(),set(),"{(23.0, 0.0)}",set()
172,10,2,set(),set(),"{(13.0, 270.0)}","{(23.0, 0.0)}",set()
173,10,3,"{(2.0, 135.0)}",set(),"{(13.0, 270.0)}","{(23.0, 0.0)}",set()
174,10,4,"{(2.0, 135.0)}",set(),"{(13.0, 270.0)}","{(23.0, 0.0)}","{(11.0, 90.0)}"
175,10,5,"{(2.0, 135.0)}",set(),"{(7.0, 90.0), (13.0, 270.0)}","{(23.0, 0.0)}","{(11.0, 90.0)}"
176,10,6,"{(12.0, 180.0), (2.0, 135.0)}",set(),"{(13.0, 270.0)}","{(23.0, 0.0)}","{(11.0, 90.0)}"
177,10,7,"{(23.0, 0.0), (2.0, 135.0)}",set(),"{(13.0, 270.0)}","{(23.0, 0.0)}","{(11.0, 90.0)}"
178,10,8,"{(23.0, 0.0), (2.0, 135.0)}","{(8.0, 225.0)}","{(13.0, 270.0)}","{(23.0, 0.0)}","{(11.0, 90.0)}"
179,10,9,"{(23.0, 0.0), (2.0, 135.0)}",set(),"{(7.0, 90.0), (13.0, 270.0)}","{(23.0, 0.0)}","{(11.0, 90.0)}"
180,10,10,"{(23.0, 0.0), (2.0, 135.0)}","{(8.0, 135.0)}","{(13.0, 270.0)}","{(23.0, 0.0)}","{(11.0, 90.0)}"
181,10,11,"{(23.0, 0.0), (2.0, 135.0)}","{(12.0, 270.0)}",set(),"{(23.0, 0.0)}","{(11.0, 90.0)}"
182,10,12,"{(23.0, 0.0), (2.0, 135.0)}",set(),"{(7.0, 45.0)}","{(23.0, 0.0)}","{(11.0, 90.0)}"
183,10,13,"{(23.0, 0.0), (2.0, 135.0)}","{(8.0, 225.0)}","{(7.0, 45.0)}","{(23.0, 0.0)}","{(11.0, 90.0)}"
184,10,14,"{(23.0, 0.0), (2.0, 135.0)}","{(8.0, 225.0)}","{(12.0, 135.0), (7.0, 45.0)}","{(23.0, 0.0)}","{(11.0, 90.0)}"
185,10,15,"{(23.0, 0.0), (2.0, 135.0)}","{(8.0, 225.0)}","{(12.0, 135.0), (7.0, 45.0)}","{(23.0, 0.0)}","{(11.0, 90.0)}"
186,10,16,"{(23.0, 0.0), (2.0, 135.0)}","{(8.0, 225.0)}","{(12.0, 135.0), (7.0, 45.0)}","{(23.0, 0.0)}","{(11.0, 90.0)}"
187,10,17,"{(23.0, 0.0), (2.0, 135.0)}","{(8.0, 225.0)}","{(12.0, 135.0), (7.0, 45.0)}","{(23.0, 0.0)}","{(11.0, 90.0)}"
188,11,1,set(),set(),"{(7.0, 45.0)}",set(),set()
189,11,2,set(),set(),"{(7.0, 45.0)}","{(23.0, 0.0)}",set()
190,11,3,"{(2.0, 135.0)}",set(),"{(7.0, 45.0)}","{(23.0, 0.0)}",set()
191,11,4,"{(2.0, 135.0)}",set(),"{(7.0, 45.0)}","{(23.0, 0.0)}","{(11.0, 90.0)}"
192,11,5,"{(23.0, 0.0), (2.0, 135.0)}",set(),"{(7.0, 45.0)}","{(23.0, 0.0)}","{(11.0, 90.0)}"
193,11,6,"{(23.0, 0.0), (2.0, 135.0)}","{(8.0, 225.0)}","{(7.0, 45.0)}","{(23.0, 0.0)}","{(11.0, 90.0)}"
194,11,7,"{(23.0, 0.0), (2.0, 135.0)}","{(8.0, 225.0)}","{(12.0, 135.0), (7.0, 45.0)}","{(23.0, 0.0)}","{(11.0, 90.0)}"
195,11,8,"{(23.0, 0.0), (2.0, 135.0)}","{(8.0, 225.0)}","{(12.0, 135.0), (7.0, 45.0)}","{(23.0, 0.0)}","{(11.0, 90.0)}"
196,11,9,"{(23.0, 0.0), (2.0, 135.0)}","{(8.0, 225.0)}","{(12.0, 135.0), (7.0, 45.0)}","{(23.0, 0.0)}","{(11.0, 90.0)}"
197,11,10,"{(23.0, 0.0), (2.0, 135.0)}","{(8.0, 225.0)}","{(12.0, 135.0), (7.0, 45.0)}","{(23.0, 0.0)}","{(11.0, 90.0)}"
198,11,11,"{(23.0, 0.0), (2.0, 135.0)}","{(8.0, 225.0)}","{(12.0, 135.0), (7.0, 45.0)}","{(23.0, 0.0)}","{(11.0, 90.0)}"
199,11,12,"{(23.0, 0.0), (2.0, 135.0)}","{(8.0, 225.0)}","{(12.0, 135.0), (7.0, 45.0)}","{(23.0, 0.0)}","{(11.0, 90.0)}"
200,11,13,"{(23.0, 0.0), (2.0, 135.0)}","{(8.0, 225.0)}","{(12.0, 135.0), (7.0, 45.0)}","{(23.0, 0.0)}","{(11.0, 90.0)}"
201,11,14,"{(23.0, 0.0), (2.0, 135.0)}","{(8.0, 225.0)}","{(12.0, 135.0), (7.0, 45.0)}","{(23.0, 0.0)}","{(11.0, 90.0)}"
202,11,15,"{(23.0, 0.0), (2.0, 135.0)}","{(8.0, 225.0)}","{(12.0, 135.0), (7.0, 45.0)}","{(23.0, 0.0)}","{(11.0, 90.0)}"
203,11,16,"{(23.0, 0.0), (2.0, 135.0)}","{(8.0, 225.0)}","{(12.0, 135.0), (7.0, 45.0)}","{(23.0, 0.0)}","{(11.0, 90.0)}"
204,11,17,"{(23.0, 0.0), (2.0, 135.0)}","{(8.0, 225.0)}","{(12.0, 135.0), (7.0, 45.0)}","{(23.0, 0.0)}","{(11.0, 90.0)}"
205,12,1,"{(23.0, 0.0)}",set(),set(),set(),set()
206,12,2,"{(23.0, 0.0)}",set(),"{(13.0, 270.0)}",set(),set()
207,12,3,"{(23.0, 0.0), (2.0, 135.0)}",set(),"{(13.0, 270.0)}",set(),set()
208,12,4,"{(23.0, 0.0), (2.0, 135.0)}",set(),"{(13.0, 270.0)}",set(),"{(11.0, 90.0)}"
209,12,5,"{(23.0, 0.0), (2.0, 135.0)}",set(),"{(13.0, 270.0)}","{(23.0, 0.0)}","{(11.0, 90.0)}"
210,12,6,"{(23.0, 0.0), (2.0, 135.0)}",set(),"{(7.0, 90.0), (13.0, 270.0)}","{(23.0, 0.0)}","{(11.0, 90.0)}"
211,12,7,"{(23.0, 0.0), (2.0, 135.0)}","{(8.0, 225.0)}","{(13.0, 270.0)}","{(23.0, 0.0)}","{(11.0, 90.0)}"
212,12,8,"{(23.0, 0.0), (2.0, 135.0)}","{(8.0, 225.0)}",set(),"{(23.0, 0.0)}","{(11.0, 90.0)}"
213,12,9,"{(23.0, 0.0), (2.0, 135.0)}","{(8.0, 225.0)}",set(),"{(23.0, 0.0)}","{(11.0, 90.0)}"
214,12,10,"{(23.0, 0.0), (2.0, 135.0)}","{(8.0, 225.0)}","{(7.0, 45.0)}","{(23.0, 0.0)}","{(11.0, 90.0)}"
215,12,11,"{(23.0, 0.0), (2.0, 135.0)}","{(8.0, 225.0)}","{(12.0, 135.0), (7.0, 45.0)}","{(23.0, 0.0)}","{(11.0, 90.0)}"
216,12,12,"{(23.0, 0.0), (2.0, 135.0)}","{(8.0, 225.0)}","{(12.0, 135.0), (7.0, 45.0)}","{(23.0, 0.0)}","{(11.0, 90.0)}"
217,12,13,"{(23.0, 0.0), (2.0, 135.0)}","{(8.0, 225.0)}","{(12.0, 135.0), (7.0, 45.0)}","{(23.0, 0.0)}","{(11.0, 90.0)}"
218,12,14,"{(23.0, 0.0), (2.0, 135.0)}","{(8.0, 225.0)}","{(12.0, 135.0), (7.0, 45.0)}","{(23.0, 0.0)}","{(11.0, 90.0)}"
219,12,15,"{(23.0, 0.0), (2.0, 135.0)}","{(8.0, 225.0)}","{(12.0, 135.0), (7.0, 45.0)}","{(23.0, 0.0)}","{(11.0, 90.0)}"
220,12,16,"{(23.0, 0.0), (2.0, 135.0)}","{(8.0, 225.0)}","{(12.0, 135.0), (7.0, 45.0)}","{(23.0, 0.0)}","{(11.0, 90.0)}"
221,12,17,"{(23.0, 0.0), (2.0, 135.0)}","{(8.0, 225.0)}","{(12.0, 135.0), (7.0, 45.0)}","{(23.0, 0.0)}","{(11.0, 90.0)}"
222,12,18,"{(23.0, 0.0), (2.0, 135.0)}","{(8.0, 225.0)}","{(12.0, 135.0), (7.0, 45.0)}","{(23.0, 0.0)}","{(11.0, 90.0)}"
223,13,1,"{(23.0, 0.0)}",set(),set(),set(),set()
224,13,2,"{(23.0, 0.0)}",set(),"{(13.0, 270.0)}",set(),set()
225,13,3,"{(23.0, 0.0)}",set(),"{(13.0, 270.0)}",set(),"{(7.0, 135.0)}"
226,13,4,"{(23.0, 0.0)}",set(),"{(13.0, 270.0)}",set(),"{(11.0, 90.0)}"
227,13,5,"{(23.0, 0.0), (2.0, 135.0)}",set(),"{(13.0, 270.0)}",set(),"{(11.0, 90.0)}"
228,13,6,"{(23.0, 0.0), (2.0, 135.0)}",set(),"{(13.0, 270.0)}","{(23.0, 0.0)}","{(11.0, 90.0)}"
229,13,7,"{(23.0, 0.0), (2.0, 135.0)}",set(),"{(7.0, 90.0), (13.0, 270.0)}","{(23.0, 0.0)}","{(11.0, 90.0)}"
230,13,8,"{(23.0, 0.0), (2.0, 135.0)}","{(8.0, 225.0)}","{(13.0, 270.0)}","{(23.0, 0.0)}","{(11.0, 90.0)}"
231,13,9,"{(23.0, 0.0), (2.0, 135.0)}","{(12.0, 180.0)}",set(),"{(23.0, 0.0)}","{(11.0, 90.0)}"
232,13,10,"{(23.0, 0.0), (2.0, 135.0)}","{(12.0, 180.0)}","{(12.0, 135.0)}","{(23.0, 0.0)}","{(11.0, 90.0)}"
233,13,11,"{(23.0, 0.0), (2.0, 135.0)}",set(),"{(7.0, 45.0)}","{(23.0, 0.0)}","{(11.0, 90.0)}"
234,13,12,"{(23.0, 0.0), (2.0, 135.0)}",set(),"{(7.0, 45.0)}","{(23.0, 0.0)}","{(11.0, 90.0)}"
235,13,13,"{(23.0, 0.0), (2.0, 135.0)}","{(8.0, 225.0)}","{(7.0, 45.0)}","{(23.0, 0.0)}","{(11.0, 90.0)}"
236,13,14,"{(23.0, 0.0), (2.0, 135.0)}","{(8.0, 225.0)}","{(12.0, 135.0), (7.0, 45.0)}","{(23.0, 0.0)}","{(11.0, 90.0)}"
237,13,15,"{(23.0, 0.0), (2.0, 135.0)}","{(8.0, 225.0)}","{(12.0, 135.0), (7.0, 45.0)}","{(23.0, 0.0)}","{(11.0, 90.0)}"
238,13,16,"{(23.0, 0.0), (2.0, 135.0)}","{(8.0, 225.0)}","{(12.0, 135.0), (7.0, 45.0)}","{(23.0, 0.0)}","{(11.0, 90.0)}"
239,13,17,"{(23.0, 0.0), (2.0, 135.0)}","{(8.0, 225.0)}","{(12.0, 135.0), (7.0, 45.0)}","{(23.0, 0.0)}","{(11.0, 90.0)}"
240,13,18,"{(23.0, 0.0), (2.0, 135.0)}","{(8.0, 225.0)}","{(12.0, 135.0), (7.0, 45.0)}","{(23.0, 0.0)}","{(11.0, 90.0)}"
241,14,1,"{(23.0, 0.0)}",set(),set(),set(),set()
242,14,2,"{(23.0, 0.0)}",set(),"{(12.0, 45.0)}",set(),set()
243,14,3,"{(23.0, 0.0)}",set(),"{(12.0, 45.0)}",set(),"{(7.0, 135.0)}"
244,14,4,"{(23.0, 0.0), (2.0, 135.0)}",set(),"{(12.0, 45.0)}",set(),set()
245,14,5,"{(23.0, 0.0), (2.0, 135.0)}",set(),"{(12.0, 45.0)}","{(23.0, 0.0)}",set()
246,14,6,"{(23.0, 0.0), (2.0, 135.0)}",set(),"{(12.0, 45.0)}","{(23.0, 0.0)}","{(7.0, 0.0)}"
247,14,7,"{(23.0, 0.0), (2.0, 135.0)}","{(8.0, 225.0)}","{(12.0, 45.0)}","{(23.0, 0.0)}",set()
248,14,8,"{(23.0, 0.0), (2.0, 135.0)}",set(),"{(12.0, 45.0), (7.0, 90.0)}","{(23.0, 0.0)}",set()
249,14,9,"{(23.0, 0.0), (2.0, 135.0)}","{(8.0, 225.0)}",set(),"{(23.0, 0.0)}",set()
250,14,10,"{(23.0, 0.0), (2.0, 135.0)}","{(8.0, 225.0)}",set(),"{(23.0, 0.0)}",set()
251,14,11,"{(23.0, 0.0), (2.0, 135.0)}","{(8.0, 225.0)}",set(),"{(23.0, 0.0)}","{(12.0, 90.0)}"
252,14,12,"{(23.0, 0.0), (2.0, 135.0)}","{(8.0, 225.0)}","{(8.0, 270.0)}","{(23.0, 0.0)}","{(12.0, 90.0)}"
253,14,13,"{(23.0, 0.0), (2.0, 135.0)}","{(8.0, 225.0)}","{(7.0, 45.0)}","{(23.0, 0.0)}","{(12.0, 90.0)}"
254,14,14,"{(23.0, 0.0), (2.0, 135.0)}","{(8.0, 225.0)}",set(),"{(23.0, 0.0)}",set()
255,14,15,"{(23.0, 0.0), (2.0, 135.0)}","{(8.0, 225.0)}",set(),"{(23.0, 0.0)}","{(11.0, 90.0)}"
256,14,16,"{(23.0, 0.0), (2.0, 135.0)}","{(8.0, 225.0)}","{(8.0, 270.0)}","{(23.0, 0.0)}","{(11.0, 90.0)}"
257,15,1,"{(2.0, 135.0)}",set(),set(),set(),set()
258,15,2,"{(23.0, 0.0), (2.0, 135.0)}",set(),set(),set(),set()
259,15,3,"{(23.0, 0.0), (2.0, 135.0)}",set(),set(),set(),"{(12.0, 90.0)}"
260,15,4,"{(23.0, 0.0), (2.0, 135.0)}",set(),set(),"{(23.0, 0.0)}","{(12.0, 90.0)}"
261,15,5,"{(23.0, 0.0), (2.0, 135.0)}",set(),"{(7.0, 45.0)}","{(23.0, 0.0)}","{(12.0, 90.0)}"
262,15,6,"{(23.0, 0.0), (2.0, 135.0)}","{(12.0, 180.0)}",set(),"{(23.0, 0.0)}","{(12.0, 90.0)}"
263,15,7,"{(23.0, 0.0), (2.0, 135.0)}","{(8.0, 225.0)}",set(),"{(23.0, 0.0)}","{(12.0, 90.0)}"
264,15,8,"{(23.0, 0.0), (2.0, 135.0)}","{(8.0, 225.0)}",set(),"{(23.0, 0.0)}","{(12.0, 90.0)}"
265,15,9,"{(23.0, 0.0), (2.0, 135.0)}","{(8.0, 225.0)}","{(7.0, 45.0)}","{(23.0, 0.0)}","{(12.0, 90.0)}"
266,15,10,"{(23.0, 0.0), (2.0, 135.0)}","{(8.0, 225.0)}","{(8.0, 270.0)}","{(23.0, 0.0)}","{(12.0, 90.0)}"
267,15,11,"{(23.0, 0.0), (2.0, 135.0)}","{(8.0, 225.0)}",set(),"{(23.0, 0.0)}","{(12.0, 90.0)}"
268,15,12,"{(23.0, 0.0), (2.0, 135.0)}","{(8.0, 225.0)}",set(),"{(23.0, 0.0)}","{(11.0, 90.0)}"
269,15,13,"{(23.0, 0.0), (2.0, 135.0)}","{(8.0, 225.0)}","{(7.0, 45.0)}","{(23.0, 0.0)}","{(11.0, 90.0)}"
270,15,14,"{(23.0, 0.0), (2.0, 135.0)}","{(8.0, 225.0)}","{(12.0, 135.0), (7.0, 45.0)}","{(23.0, 0.0)}","{(11.0, 90.0)}"
271,15,15,"{(23.0, 0.0), (2.0, 135.0)}","{(8.0, 225.0)}","{(12.0, 135.0), (7.0, 45.0)}","{(23.0, 0.0)}","{(11.0, 90.0)}"
272,15,16,"{(23.0, 0.0), (2.0, 135.0)}","{(8.0, 225.0)}","{(12.0, 135.0), (7.0, 45.0)}","{(23.0, 0.0)}","{(11.0, 90.0)}"
273,15,17,"{(23.0, 0.0), (2.0, 135.0)}","{(8.0, 225.0)}","{(12.0, 135.0), (7.0, 45.0)}","{(23.0, 0.0)}","{(11.0, 90.0)}"
274,15,18,"{(23.0, 0.0), (2.0, 135.0)}","{(8.0, 225.0)}","{(12.0, 135.0), (7.0, 45.0)}","{(23.0, 0.0)}","{(11.0, 90.0)}"
275,16,1,"{(23.0, 0.0)}",set(),set(),set(),set()
276,16,2,"{(23.0, 0.0), (2.0, 135.0)}",set(),set(),set(),set()
277,16,3,"{(23.0, 0.0), (2.0, 135.0)}",set(),set(),set(),"{(7.0, 135.0)}"
278,16,4,"{(23.0, 0.0), (2.0, 135.0)}",set(),"{(12.0, 45.0)}",set(),"{(7.0, 135.0)}"
279,16,5,"{(23.0, 0.0), (2.0, 135.0)}",set(),"{(13.0, 270.0)}",set(),"{(7.0, 135.0)}"
280,16,6,"{(23.0, 0.0), (2.0, 135.0)}",set(),set(),"{(23.0, 0.0)}","{(7.0, 135.0)}"
281,16,7,"{(23.0, 0.0), (2.0, 135.0)}","{(12.0, 180.0)}",set(),"{(23.0, 0.0)}","{(7.0, 135.0)}"
282,16,8,"{(23.0, 0.0), (2.0, 135.0)}","{(8.0, 225.0)}",set(),"{(23.0, 0.0)}","{(7.0, 135.0)}"
283,16,9,"{(23.0, 0.0), (2.0, 135.0)}","{(8.0, 225.0)}","{(13.0, 270.0)}","{(23.0, 0.0)}","{(7.0, 135.0)}"
284,16,10,"{(23.0, 0.0), (2.0, 135.0)}","{(8.0, 225.0)}",set(),"{(23.0, 0.0)}",set()
285,16,11,"{(23.0, 0.0), (2.0, 135.0)}","{(8.0, 225.0)}","{(7.0, 45.0)}","{(23.0, 0.0)}",set()
286,16,12,"{(23.0, 0.0), (2.0, 135.0)}","{(8.0, 225.0)}","{(7.0, 45.0)}","{(23.0, 0.0)}","{(12.0, 90.0)}"
287,16,13,"{(23.0, 0.0), (2.0, 135.0)}","{(8.0, 225.0)}","{(12.0, 135.0), (7.0, 45.0)}","{(23.0, 0.0)}",set()
288,16,14,"{(23.0, 0.0), (2.0, 135.0)}","{(8.0, 225.0)}","{(12.0, 135.0), (7.0, 45.0)}","{(23.0, 0.0)}","{(11.0, 90.0)}"
289,16,15,"{(23.0, 0.0), (2.0, 135.0)}","{(8.0, 225.0)}","{(12.0, 135.0), (7.0, 45.0)}","{(23.0, 0.0)}","{(11.0, 90.0)}"
290,16,16,"{(23.0, 0.0), (2.0, 135.0)}","{(8.0, 225.0)}","{(12.0, 135.0), (7.0, 45.0)}","{(23.0, 0.0)}","{(11.0, 90.0)}"
291,16,17,"{(23.0, 0.0), (2.0, 135.0)}","{(8.0, 225.0)}","{(12.0, 135.0), (7.0, 45.0)}","{(23.0, 0.0)}","{(11.0, 90.0)}"
292,16,18,"{(23.0, 0.0), (2.0, 135.0)}","{(8.0, 225.0)}","{(12.0, 135.0), (7.0, 45.0)}","{(23.0, 0.0)}","{(11.0, 90.0)}"
293,17,1,set(),set(),set(),"{(23.0, 0.0)}",set()
294,17,2,set(),set(),set(),"{(23.0, 0.0)}","{(11.0, 90.0)}"
295,17,3,set(),set(),"{(13.0, 270.0)}","{(23.0, 0.0)}","{(11.0, 90.0)}"
296,17,4,"{(23.0, 0.0)}",set(),"{(13.0, 270.0)}","{(23.0, 0.0)}","{(11.0, 90.0)}"
297,17,5,"{(23.0, 0.0)}",set(),"{(7.0, 90.0), (13.0, 270.0)}","{(23.0, 0.0)}","{(11.0, 90.0)}"
298,17,6,"{(23.0, 0.0)}","{(8.0, 225.0)}","{(13.0, 270.0)}","{(23.0, 0.0)}","{(11.0, 90.0)}"
299,17,7,"{(23.0, 0.0), (2.0, 135.0)}",set(),"{(13.0, 270.0)}","{(23.0, 0.0)}","{(11.0, 90.0)}"
300,17,8,"{(23.0, 0.0), (2.0, 135.0)}","{(12.0, 180.0)}",set(),"{(23.0, 0.0)}","{(11.0, 90.0)}"
301,17,9,"{(23.0, 0.0), (2.0, 135.0)}","{(12.0, 180.0)}","{(12.0, 135.0)}","{(23.0, 0.0)}","{(11.0, 90.0)}"
302,17,10,"{(23.0, 0.0), (2.0, 135.0)}",set(),"{(8.0, 270.0)}","{(23.0, 0.0)}","{(11.0, 90.0)}"
303,17,11,"{(23.0, 0.0), (2.0, 135.0)}","{(8.0, 225.0)}",set(),"{(23.0, 0.0)}","{(11.0, 90.0)}"
304,17,12,"{(23.0, 0.0), (2.0, 135.0)}","{(8.0, 225.0)}","{(7.0, 45.0)}","{(23.0, 0.0)}","{(11.0, 90.0)}"
305,17,13,"{(23.0, 0.0), (2.0, 135.0)}","{(8.0, 225.0)}","{(12.0, 135.0), (7.0, 45.0)}","{(23.0, 0.0)}","{(11.0, 90.0)}"
306,17,14,"{(23.0, 0.0), (2.0, 135.0)}","{(8.0, 225.0)}","{(12.0, 135.0), (7.0, 45.0)}","{(23.0, 0.0)}","{(11.0, 90.0)}"
307,17,15,"{(23.0, 0.0), (2.0, 135.0)}","{(8.0, 225.0)}","{(12.0, 135.0), (7.0, 45.0)}","{(23.0, 0.0)}","{(11.0, 90.0)}"
308,17,16,"{(23.0, 0.0), (2.0, 135.0)}","{(8.0, 225.0)}","{(12.0, 135.0), (7.0, 45.0)}","{(23.0, 0.0)}","{(11.0, 90.0)}"
309,17,17,"{(23.0, 0.0), (2.0, 135.0)}","{(8.0, 225.0)}","{(12.0, 135.0), (7.0, 45.0)}","{(23.0, 0.0)}","{(11.0, 90.0)}"
310,18,1,"{(23.0, 0.0)}",set(),set(),set(),set()
311,18,2,"{(23.0, 0.0)}",set(),"{(13.0, 270.0)}",set(),set()
312,18,3,"{(23.0, 0.0)}",set(),"{(13.0, 270.0)}",set(),"{(11.0, 90.0)}"
313,18,4,"{(23.0, 0.0), (2.0, 135.0)}",set(),"{(13.0, 270.0)}",set(),"{(11.0, 90.0)}"
314,18,5,"{(23.0, 0.0), (2.0, 135.0)}",set(),"{(13.0, 270.0)}","{(23.0, 0.0)}","{(11.0, 90.0)}"
315,18,6,"{(23.0, 0.0), (2.0, 135.0)}",set(),"{(7.0, 90.0), (13.0, 270.0)}","{(23.0, 0.0)}","{(11.0, 90.0)}"
316,18,7,"{(23.0, 0.0), (2.0, 135.0)}","{(8.0, 225.0)}","{(13.0, 270.0)}","{(23.0, 0.0)}","{(11.0, 90.0)}"
317,18,8,"{(23.0, 0.0), (2.0, 135.0)}","{(12.0, 180.0)}",set(),"{(23.0, 0.0)}","{(11.0, 90.0)}"
318,18,9,"{(23.0, 0.0), (2.0, 135.0)}","{(12.0, 180.0)}","{(12.0, 135.0)}","{(23.0, 0.0)}","{(11.0, 90.0)}"
319,18,10,"{(23.0, 0.0), (2.0, 135.0)}","{(12.0, 180.0)}",set(),"{(23.0, 0.0)}","{(11.0, 90.0)}"
320,18,11,"{(23.0, 0.0), (2.0, 135.0)}","{(12.0, 180.0)}",set(),"{(23.0, 0.0)}","{(11.0, 90.0)}"
321,18,12,"{(23.0, 0.0), (2.0, 135.0)}",set(),set(),"{(23.0, 0.0)}","{(11.0, 90.0)}"
322,18,13,"{(23.0, 0.0), (2.0, 135.0)}","{(8.0, 135.0)}",set(),"{(23.0, 0.0)}","{(11.0, 90.0)}"
323,18,14,"{(23.0, 0.0), (2.0, 135.0)}","{(8.0, 135.0)}","{(13.0, 270.0)}","{(23.0, 0.0)}","{(11.0, 90.0)}"
324,18,15,"{(23.0, 0.0), (2.0, 135.0)}",set(),"{(8.0, 270.0)}","{(23.0, 0.0)}","{(11.0, 90.0)}"
325,18,16,"{(23.0, 0.0), (2.0, 135.0)}",set(),set(),"{(23.0, 0.0)}","{(11.0, 90.0)}"
326,18,17,"{(23.0, 0.0), (2.0, 135.0)}","{(8.0, 225.0)}",set(),"{(23.0, 0.0)}","{(11.0, 90.0)}"
327,18,18,"{(23.0, 0.0), (2.0, 135.0)}","{(8.0, 225.0)}","{(7.0, 45.0)}","{(23.0, 0.0)}","{(11.0, 90.0)}"
328,19,1,set(),set(),set(),"{(23.0, 0.0)}",set()
329,19,2,"{(23.0, 0.0)}",set(),set(),"{(23.0, 0.0)}",set()
330,19,3,"{(23.0, 0.0)}",set(),set(),"{(23.0, 0.0)}","{(12.0, 90.0)}"
331,19,4,"{(23.0, 0.0)}",set(),"{(7.0, 45.0)}","{(23.0, 0.0)}","{(12.0, 90.0)}"
332,19,5,"{(23.0, 0.0), (2.0, 135.0)}",set(),set(),"{(23.0, 0.0)}","{(12.0, 90.0)}"
333,19,6,"{(23.0, 0.0), (2.0, 135.0)}","{(12.0, 180.0)}",set(),"{(23.0, 0.0)}","{(12.0, 90.0)}"
334,19,7,"{(23.0, 0.0), (2.0, 135.0)}","{(8.0, 225.0)}",set(),"{(23.0, 0.0)}","{(12.0, 90.0)}"
335,19,8,"{(23.0, 0.0), (2.0, 135.0)}","{(8.0, 225.0)}","{(7.0, 45.0)}","{(23.0, 0.0)}","{(12.0, 90.0)}"
336,19,9,"{(23.0, 0.0), (2.0, 135.0)}","{(8.0, 225.0)}",set(),"{(23.0, 0.0)}","{(11.0, 90.0)}"
337,19,10,"{(23.0, 0.0), (2.0, 135.0)}","{(8.0, 225.0)}","{(8.0, 270.0)}","{(23.0, 0.0)}","{(11.0, 90.0)}"
338,19,11,"{(23.0, 0.0), (2.0, 135.0)}","{(8.0, 225.0)}",set(),"{(23.0, 0.0)}","{(11.0, 90.0)}"
339,19,12,"{(23.0, 0.0), (2.0, 135.0)}","{(8.0, 225.0)}","{(7.0, 45.0)}","{(23.0, 0.0)}","{(11.0, 90.0)}"
340,19,13,"{(23.0, 0.0), (2.0, 135.0)}","{(8.0, 225.0)}","{(12.0, 135.0), (7.0, 45.0)}","{(23.0, 0.0)}","{(11.0, 90.0)}"
341,19,14,"{(23.0, 0.0), (2.0, 135.0)}","{(8.0, 225.0)}","{(12.0, 135.0), (7.0, 45.0)}","{(23.0, 0.0)}","{(11.0, 90.0)}"
342,19,15,"{(23.0, 0.0), (2.0, 135.0)}","{(8.0, 225.0)}","{(12.0, 135.0), (7.0, 45.0)}","{(23.0, 0.0)}","{(11.0, 90.0)}"
343,19,16,"{(23.0, 0.0), (2.0, 135.0)}","{(8.0, 225.0)}","{(12.0, 135.0), (7.0, 45.0)}","{(23.0, 0.0)}","{(11.0, 90.0)}"
344,19,17,"{(23.0, 0.0), (2.0, 135.0)}","{(8.0, 225.0)}","{(12.0, 135.0), (7.0, 45.0)}","{(23.0, 0.0)}","{(11.0, 90.0)}"
345,19,18,"{(23.0, 0.0), (2.0, 135.0)}","{(8.0, 225.0)}","{(12.0, 135.0), (7.0, 45.0)}","{(23.0, 0.0)}","{(11.0, 90.0)}"
346,20,1,"{(2.0, 135.0)}",set(),set(),set(),set()
347,20,2,"{(23.0, 0.0), (2.0, 135.0)}",set(),set(),set(),set()
348,20,3,"{(23.0, 0.0), (2.0, 135.0)}",set(),set(),set(),"{(12.0, 90.0)}"
349,20,4,"{(23.0, 0.0), (2.0, 135.0)}",set(),"{(7.0, 45.0)}",set(),"{(12.0, 90.0)}"
350,20,5,"{(23.0, 0.0), (2.0, 135.0)}",set(),set(),"{(23.0, 0.0)}","{(12.0, 90.0)}"
351,20,6,"{(23.0, 0.0), (2.0, 135.0)}","{(8.0, 225.0)}",set(),"{(23.0, 0.0)}","{(12.0, 90.0)}"
352,20,7,"{(23.0, 0.0), (2.0, 135.0)}","{(8.0, 225.0)}","{(7.0, 45.0)}","{(23.0, 0.0)}",set()
353,20,8,"{(23.0, 0.0), (2.0, 135.0)}","{(8.0, 225.0)}","{(12.0, 135.0), (7.0, 45.0)}","{(23.0, 0.0)}",set()
354,20,9,"{(23.0, 0.0), (2.0, 135.0)}","{(8.0, 225.0)}","{(12.0, 135.0), (7.0, 45.0)}","{(23.0, 0.0)}","{(11.0, 90.0)}"
355,20,10,"{(23.0, 0.0), (2.0, 135.0)}","{(8.0, 225.0)}","{(12.0, 135.0), (7.0, 45.0)}","{(23.0, 0.0)}","{(11.0, 90.0)}"
356,20,11,"{(23.0, 0.0), (2.0, 135.0)}","{(8.0, 225.0)}","{(12.0, 135.0), (7.0, 45.0)}","{(23.0, 0.0)}","{(11.0, 90.0)}"
357,20,12,"{(23.0, 0.0), (2.0, 135.0)}","{(8.0, 225.0)}","{(12.0, 135.0), (7.0, 45.0)}","{(23.0, 0.0)}","{(11.0, 90.0)}"
358,20,13,"{(23.0, 0.0), (2.0, 135.0)}","{(8.0, 225.0)}","{(12.0, 135.0), (7.0, 45.0)}","{(23.0, 0.0)}","{(11.0, 90.0)}"
359,20,14,"{(23.0, 0.0), (2.0, 135.0)}","{(8.0, 225.0)}","{(12.0, 135.0), (7.0, 45.0)}","{(23.0, 0.0)}","{(11.0, 90.0)}"
360,20,15,"{(23.0, 0.0), (2.0, 135.0)}","{(8.0, 225.0)}","{(12.0, 135.0), (7.0, 45.0)}","{(23.0, 0.0)}","{(11.0, 90.0)}"
361,20,16,"{(23.0, 0.0), (2.0, 135.0)}","{(8.0, 225.0)}","{(12.0, 135.0), (7.0, 45.0)}","{(23.0, 0.0)}","{(11.0, 90.0)}"
362,20,17,"{(23.0, 0.0), (2.0, 135.0)}","{(8.0, 225.0)}","{(12.0, 135.0), (7.0, 45.0)}","{(23.0, 0.0)}","{(11.0, 90.0)}"
363,21,1,set(),set(),"{(7.0, 45.0)}",set(),set()
364,21,2,"{(23.0, 0.0)}",set(),"{(7.0, 45.0)}",set(),set()
365,21,3,"{(23.0, 0.0)}",set(),"{(7.0, 45.0)}",set(),"{(11.0, 90.0)}"
366,21,4,"{(23.0, 0.0)}",set(),"{(7.0, 45.0)}","{(23.0, 0.0)}","{(11.0, 90.0)}"
367,21,5,"{(23.0, 0.0), (2.0, 135.0)}",set(),"{(7.0, 45.0)}","{(23.0, 0.0)}","{(11.0, 90.0)}"
368,21,6,"{(23.0, 0.0), (2.0, 135.0)}","{(8.0, 225.0)}","{(7.0, 45.0)}","{(23.0, 0.0)}","{(11.0, 90.0)}"
369,21,7,"{(23.0, 0.0), (2.0, 135.0)}","{(8.0, 225.0)}","{(12.0, 135.0), (7.0, 45.0)}","{(23.0, 0.0)}","{(11.0, 90.0)}"
370,21,8,"{(23.0, 0.0), (2.0, 135.0)}","{(8.0, 225.0)}","{(12.0, 135.0), (7.0, 45.0)}","{(23.0, 0.0)}","{(11.0, 90.0)}"
371,21,9,"{(23.0, 0.0), (2.0, 135.0)}","{(8.0, 225.0)}","{(12.0, 135.0), (7.0, 45.0)}","{(23.0, 0.0)}","{(11.0, 90.0)}"
372,21,10,"{(23.0, 0.0), (2.0, 135.0)}","{(8.0, 225.0)}","{(12.0, 135.0), (7.0, 45.0)}","{(23.0, 0.0)}","{(11.0, 90.0)}"
373,21,11,"{(23.0, 0.0), (2.0, 135.0)}","{(8.0, 225.0)}","{(12.0, 135.0), (7.0, 45.0)}","{(23.0, 0.0)}","{(11.0, 90.0)}"
374,21,12,"{(23.0, 0.0), (2.0, 135.0)}","{(8.0, 225.0)}","{(12.0, 135.0), (7.0, 45.0)}","{(23.0, 0.0)}","{(11.0, 90.0)}"
375,21,13,"{(23.0, 0.0), (2.0, 135.0)}","{(8.0, 225.0)}","{(12.0, 135.0), (7.0, 45.0)}","{(23.0, 0.0)}","{(11.0, 90.0)}"
376,21,14,"{(23.0, 0.0), (2.0, 135.0)}","{(8.0, 225.0)}","{(12.0, 135.0), (7.0, 45.0)}","{(23.0, 0.0)}","{(11.0, 90.0)}"
377,21,15,"{(23.0, 0.0), (2.0, 135.0)}","{(8.0, 225.0)}","{(12.0, 135.0), (7.0, 45.0)}","{(23.0, 0.0)}","{(11.0, 90.0)}"
378,21,16,"{(23.0, 0.0), (2.0, 135.0)}","{(8.0, 225.0)}","{(12.0, 135.0), (7.0, 45.0)}","{(23.0, 0.0)}","{(11.0, 90.0)}"
379,21,17,"{(23.0, 0.0), (2.0, 135.0)}","{(8.0, 225.0)}","{(12.0, 135.0), (7.0, 45.0)}","{(23.0, 0.0)}","{(11.0, 90.0)}"
380,22,1,"{(23.0, 0.0)}",set(),set(),set(),set()
381,22,2,"{(23.0, 0.0)}",set(),set(),"{(23.0, 0.0)}",set()
382,22,3,"{(23.0, 0.0)}",set(),"{(13.0, 270.0)}","{(23.0, 0.0)}",set()
383,22,4,"{(23.0, 0.0), (2.0, 135.0)}",set(),"{(13.0, 270.0)}","{(23.0, 0.0)}",set()
384,22,5,"{(23.0, 0.0), (2.0, 135.0)}",set(),"{(13.0, 270.0)}","{(23.0, 0.0)}","{(7.0, 135.0)}"
385,22,6,"{(23.0, 0.0), (2.0, 135.0)}","{(8.0, 225.0)}","{(13.0, 270.0)}","{(23.0, 0.0)}",set()
386,22,7,"{(23.0, 0.0), (2.0, 135.0)}",set(),"{(13.0, 270.0)}","{(23.0, 0.0)}","{(11.0, 90.0)}"
387,22,8,"{(23.0, 0.0), (2.0, 135.0)}",set(),"{(7.0, 90.0), (13.0, 270.0)}","{(23.0, 0.0)}","{(11.0, 90.0)}"
388,22,9,"{(23.0, 0.0), (2.0, 135.0)}","{(8.0, 225.0)}",set(),"{(23.0, 0.0)}","{(11.0, 90.0)}"
389,22,10,"{(23.0, 0.0), (2.0, 135.0)}","{(8.0, 225.0)}","{(7.0, 45.0)}","{(23.0, 0.0)}","{(11.0, 90.0)}"
390,22,11,"{(23.0, 0.0), (2.0, 135.0)}","{(8.0, 225.0)}","{(12.0, 135.0), (7.0, 45.0)}","{(23.0, 0.0)}","{(11.0, 90.0)}"
391,22,12,"{(23.0, 0.0), (2.0, 135.0)}","{(8.0, 225.0)}","{(12.0, 135.0), (7.0, 45.0)}","{(23.0, 0.0)}","{(11.0, 90.0)}"
392,22,13,"{(23.0, 0.0), (2.0, 135.0)}","{(8.0, 225.0)}","{(12.0, 135.0), (7.0, 45.0)}","{(23.0, 0.0)}","{(11.0, 90.0)}"
393,22,14,"{(23.0, 0.0), (2.0, 135.0)}","{(8.0, 225.0)}","{(12.0, 135.0), (7.0, 45.0)}","{(23.0, 0.0)}","{(11.0, 90.0)}"
394,22,15,"{(23.0, 0.0), (2.0, 135.0)}","{(8.0, 225.0)}","{(12.0, 135.0), (7.0, 45.0)}","{(23.0, 0.0)}","{(11.0, 90.0)}"
395,22,16,"{(23.0, 0.0), (2.0, 135.0)}","{(8.0, 225.0)}","{(12.0, 135.0), (7.0, 45.0)}","{(23.0, 0.0)}","{(11.0, 90.0)}"
396,22,17,"{(23.0, 0.0), (2.0, 135.0)}","{(8.0, 225.0)}","{(12.0, 135.0), (7.0, 45.0)}","{(23.0, 0.0)}","{(11.0, 90.0)}"
397,23,1,set(),set(),"{(7.0, 45.0)}",set(),set()
398,23,2,set(),set(),"{(7.0, 45.0)}",set(),"{(11.0, 90.0)}"
399,23,3,"{(2.0, 135.0)}",set(),"{(7.0, 45.0)}",set(),"{(11.0, 90.0)}"
400,23,4,"{(2.0, 135.0)}",set(),"{(7.0, 45.0)}","{(23.0, 0.0)}","{(11.0, 90.0)}"
401,23,5,"{(23.0, 0.0), (2.0, 135.0)}",set(),"{(7.0, 45.0)}","{(23.0, 0.0)}","{(11.0, 90.0)}"
402,23,6,"{(23.0, 0.0), (2.0, 135.0)}",set(),"{(7.0, 45.0)}","{(23.0, 0.0)}","{(11.0, 90.0)}"
403,23,7,"{(23.0, 0.0), (2.0, 135.0)}","{(8.0, 225.0)}","{(7.0, 45.0)}","{(23.0, 0.0)}","{(11.0, 90.0)}"
404,23,8,"{(23.0, 0.0), (2.0, 135.0)}","{(8.0, 225.0)}","{(12.0, 135.0), (7.0, 45.0)}","{(23.0, 0.0)}","{(11.0, 90.0)}"
405,23,9,"{(23.0, 0.0), (2.0, 135.0)}","{(8.0, 225.0)}","{(12.0, 135.0), (7.0, 45.0)}","{(23.0, 0.0)}","{(11.0, 90.0)}"
406,23,10,"{(23.0, 0.0), (2.0, 135.0)}","{(8.0, 225.0)}","{(12.0, 135.0), (7.0, 45.0)}","{(23.0, 0.0)}","{(11.0, 90.0)}"
407,23,11,"{(23.0, 0.0), (2.0, 135.0)}","{(8.0, 225.0)}","{(12.0, 135.0), (7.0, 45.0)}","{(23.0, 0.0)}","{(11.0, 90.0)}"
408,23,12,"{(23.0, 0.0), (2.0, 135.0)}","{(8.0, 225.0)}","{(12.0, 135.0), (7.0, 45.0)}","{(23.0, 0.0)}","{(11.0, 90.0)}"
409,23,13,"{(23.0, 0.0), (2.0, 135.0)}","{(8.0, 225.0)}","{(12.0, 135.0), (7.0, 45.0)}","{(23.0, 0.0)}","{(11.0, 90.0)}"
410,23,14,"{(23.0, 0.0), (2.0, 135.0)}","{(8.0, 225.0)}","{(12.0, 135.0), (7.0, 45.0)}","{(23.0, 0.0)}","{(11.0, 90.0)}"
411,23,15,"{(23.0, 0.0), (2.0, 135.0)}","{(8.0, 225.0)}","{(12.0, 135.0), (7.0, 45.0)}","{(23.0, 0.0)}","{(11.0, 90.0)}"
412,23,16,"{(23.0, 0.0), (2.0, 135.0)}","{(8.0, 225.0)}","{(12.0, 135.0), (7.0, 45.0)}","{(23.0, 0.0)}","{(11.0, 90.0)}"
413,23,17,"{(23.0, 0.0), (2.0, 135.0)}","{(8.0, 225.0)}","{(12.0, 135.0), (7.0, 45.0)}","{(23.0, 0.0)}","{(11.0, 90.0)}"
414,23,18,"{(23.0, 0.0), (2.0, 135.0)}","{(8.0, 225.0)}","{(12.0, 135.0), (7.0, 45.0)}","{(23.0, 0.0)}","{(11.0, 90.0)}"
415,24,1,"{(23.0, 0.0)}",set(),set(),set(),set()
416,24,2,"{(23.0, 0.0)}",set(),set(),set(),"{(12.0, 90.0)}"
417,24,3,"{(23.0, 0.0), (2.0, 135.0)}",set(),set(),set(),"{(12.0, 90.0)}"
418,24,4,"{(23.0, 0.0), (2.0, 135.0)}",set(),set(),"{(23.0, 0.0)}","{(12.0, 90.0)}"
419,24,5,"{(23.0, 0.0), (2.0, 135.0)}",set(),"{(7.0, 45.0)}","{(23.0, 0.0)}","{(12.0, 90.0)}"
420,24,6,"{(23.0, 0.0), (2.0, 135.0)}","{(8.0, 225.0)}",set(),"{(23.0, 0.0)}","{(12.0, 90.0)}"
421,24,7,"{(23.0, 0.0), (2.0, 135.0)}","{(8.0, 225.0)}","{(7.0, 45.0)}","{(23.0, 0.0)}",set()
422,24,8,"{(23.0, 0.0), (2.0, 135.0)}","{(8.0, 225.0)}","{(12.0, 135.0), (7.0, 45.0)}","{(23.0, 0.0)}",set()
423,24,9,"{(23.0, 0.0), (2.0, 135.0)}","{(8.0, 225.0)}","{(12.0, 135.0), (7.0, 45.0)}","{(23.0, 0.0)}","{(11.0, 90.0)}"
424,24,10,"{(23.0, 0.0), (2.0, 135.0)}","{(8.0, 225.0)}","{(12.0, 135.0), (7.0, 45.0)}","{(23.0, 0.0)}","{(11.0, 90.0)}"
425,24,11,"{(23.0, 0.0), (2.0, 135.0)}","{(8.0, 225.0)}","{(12.0, 135.0), (7.0, 45.0)}","{(23.0, 0.0)}","{(11.0, 90.0)}"
426,24,12,"{(23.0, 0.0), (2.0, 135.0)}","{(8.0, 225.0)}","{(12.0, 135.0), (7.0, 45.0)}","{(23.0, 0.0)}","{(11.0, 90.0)}"
427,24,13,"{(23.0, 0.0), (2.0, 135.0)}","{(8.0, 225.0)}","{(12.0, 135.0), (7.0, 45.0)}","{(23.0, 0.0)}","{(11.0, 90.0)}"
428,24,14,"{(23.0, 0.0), (2.0, 135.0)}","{(8.0, 225.0)}","{(12.0, 135.0), (7.0, 45.0)}","{(23.0, 0.0)}","{(11.0, 90.0)}"
429,24,15,"{(23.0, 0.0), (2.0, 135.0)}","{(8.0, 225.0)}","{(12.0, 135.0), (7.0, 45.0)}","{(23.0, 0.0)}","{(11.0, 90.0)}"
430,24,16,"{(23.0, 0.0), (2.0, 135.0)}","{(8.0, 225.0)}","{(12.0, 135.0), (7.0, 45.0)}","{(23.0, 0.0)}","{(11.0, 90.0)}"
431,24,17,"{(23.0, 0.0), (2.0, 135.0)}","{(8.0, 225.0)}","{(12.0, 135.0), (7.0, 45.0)}","{(23.0, 0.0)}","{(11.0, 90.0)}"
432,25,1,set(),set(),"{(7.0, 45.0)}",set(),set()
433,25,2,set(),set(),"{(7.0, 45.0)}",set(),"{(12.0, 90.0)}"
434,25,3,"{(2.0, 135.0)}",set(),"{(7.0, 45.0)}",set(),set()
435,25,4,"{(23.0, 0.0), (2.0, 135.0)}",set(),"{(7.0, 45.0)}",set(),set()
436,25,5,"{(23.0, 0.0), (2.0, 135.0)}",set(),"{(7.0, 45.0)}",set(),"{(11.0, 90.0)}"
437,25,6,"{(23.0, 0.0), (2.0, 135.0)}",set(),"{(7.0, 45.0)}","{(23.0, 0.0)}","{(11.0, 90.0)}"
438,25,7,"{(23.0, 0.0), (2.0, 135.0)}","{(8.0, 225.0)}","{(7.0, 45.0)}","{(23.0, 0.0)}","{(11.0, 90.0)}"
439,25,8,"{(23.0, 0.0), (2.0, 135.0)}","{(8.0, 225.0)}","{(12.0, 135.0), (7.0, 45.0)}","{(23.0, 0.0)}","{(11.0, 90.0)}"
440,25,9,"{(23.0, 0.0), (2.0, 135.0)}","{(8.0, 225.0)}","{(12.0, 135.0), (7.0, 45.0)}","{(23.0, 0.0)}","{(11.0, 90.0)}"
441,25,10,"{(23.0, 0.0), (2.0, 135.0)}","{(8.0, 225.0)}","{(12.0, 135.0), (7.0, 45.0)}","{(23.0, 0.0)}","{(11.0, 90.0)}"
442,25,11,"{(23.0, 0.0), (2.0, 135.0)}","{(8.0, 225.0)}","{(12.0, 135.0), (7.0, 45.0)}","{(23.0, 0.0)}","{(11.0, 90.0)}"
443,25,12,"{(23.0, 0.0), (2.0, 135.0)}","{(8.0, 225.0)}","{(12.0, 135.0), (7.0, 45.0)}","{(23.0, 0.0)}","{(11.0, 90.0)}"
444,25,13,"{(23.0, 0.0), (2.0, 135.0)}","{(8.0, 225.0)}","{(12.0, 135.0), (7.0, 45.0)}","{(23.0, 0.0)}","{(11.0, 90.0)}"
445,25,14,"{(23.0, 0.0), (2.0, 135.0)}","{(8.0, 225.0)}","{(12.0, 135.0), (7.0, 45.0)}","{(23.0, 0.0)}","{(11.0, 90.0)}"
446,25,15,"{(23.0, 0.0), (2.0, 135.0)}","{(8.0, 225.0)}","{(12.0, 135.0), (7.0, 45.0)}","{(23.0, 0.0)}","{(11.0, 90.0)}"
447,25,16,"{(23.0, 0.0), (2.0, 135.0)}","{(8.0, 225.0)}","{(12.0, 135.0), (7.0, 45.0)}","{(23.0, 0.0)}","{(11.0, 90.0)}"
448,25,17,"{(23.0, 0.0), (2.0, 135.0)}","{(8.0, 225.0)}","{(12.0, 135.0), (7.0, 45.0)}","{(23.0, 0.0)}","{(11.0, 90.0)}"
449,26,1,set(),set(),"{(7.0, 45.0)}",set(),set()
450,26,2,"{(2.0, 135.0)}",set(),"{(7.0, 45.0)}",set(),set()
451,26,3,"{(23.0, 0.0), (2.0, 135.0)}",set(),"{(7.0, 45.0)}",set(),set()
452,26,4,"{(23.0, 0.0), (2.0, 135.0)}",set(),"{(12.0, 135.0), (7.0, 45.0)}",set(),set()
453,26,5,"{(23.0, 0.0), (2.0, 135.0)}",set(),"{(12.0, 135.0), (7.0, 45.0)}","{(23.0, 0.0)}",set()
454,26,6,"{(23.0, 0.0), (2.0, 135.0)}",set(),"{(12.0, 135.0), (7.0, 45.0)}","{(23.0, 0.0)}","{(11.0, 90.0)}"
455,26,7,"{(23.0, 0.0), (2.0, 135.0)}","{(8.0, 225.0)}","{(12.0, 135.0), (7.0, 45.0)}","{(23.0, 0.0)}","{(11.0, 90.0)}"
456,26,8,"{(23.0, 0.0), (2.0, 135.0)}","{(8.0, 225.0)}","{(12.0, 135.0), (7.0, 45.0)}","{(23.0, 0.0)}","{(11.0, 90.0)}"
457,26,9,"{(23.0, 0.0), (2.0, 135.0)}","{(8.0, 225.0)}","{(12.0, 135.0), (7.0, 45.0)}","{(23.0, 0.0)}","{(11.0, 90.0)}"
458,26,10,"{(23.0, 0.0), (2.0, 135.0)}","{(8.0, 225.0)}","{(12.0, 135.0), (7.0, 45.0)}","{(23.0, 0.0)}","{(11.0, 90.0)}"
459,26,11,"{(23.0, 0.0), (2.0, 135.0)}","{(8.0, 225.0)}","{(12.0, 135.0), (7.0, 45.0)}","{(23.0, 0.0)}","{(11.0, 90.0)}"
460,26,12,"{(23.0, 0.0), (2.0, 135.0)}","{(8.0, 225.0)}","{(12.0, 135.0), (7.0, 45.0)}","{(23.0, 0.0)}","{(11.0, 90.0)}"
461,26,13,"{(23.0, 0.0), (2.0, 135.0)}","{(8.0, 225.0)}","{(12.0, 135.0), (7.0, 45.0)}","{(23.0, 0.0)}","{(11.0, 90.0)}"
462,26,14,"{(23.0, 0.0), (2.0, 135.0)}","{(8.0, 225.0)}","{(12.0, 135.0), (7.0, 45.0)}","{(23.0, 0.0)}","{(11.0, 90.0)}"
463,26,15,"{(23.0, 0.0), (2.0, 135.0)}","{(8.0, 225.0)}","{(12.0, 135.0), (7.0, 45.0)}","{(23.0, 0.0)}","{(11.0, 90.0)}"
464,26,16,"{(23.0, 0.0), (2.0, 135.0)}","{(8.0, 225.0)}","{(12.0, 135.0), (7.0, 45.0)}","{(23.0, 0.0)}","{(11.0, 90.0)}"
465,26,17,"{(23.0, 0.0), (2.0, 135.0)}","{(8.0, 225.0)}","{(12.0, 135.0), (7.0, 45.0)}","{(23.0, 0.0)}","{(11.0, 90.0)}"
466,27,1,set(),set(),set(),set(),"{(11.0, 90.0)}"
467,27,2,"{(2.0, 135.0)}",set(),set(),set(),"{(11.0, 90.0)}"
468,27,3,"{(2.0, 135.0)}",set(),set(),"{(23.0, 0.0)}","{(11.0, 90.0)}"
469,27,4,"{(2.0, 135.0)}",set(),"{(13.0, 270.0)}","{(23.0, 0.0)}","{(11.0, 90.0)}"
470,27,5,"{(2.0, 135.0)}",set(),"{(7.0, 90.0), (13.0, 270.0)}","{(23.0, 0.0)}","{(11.0, 90.0)}"
471,27,6,"{(23.0, 0.0), (2.0, 135.0)}",set(),"{(13.0, 270.0)}","{(23.0, 0.0)}","{(11.0, 90.0)}"
472,27,7,"{(23.0, 0.0), (2.0, 135.0)}","{(8.0, 225.0)}","{(13.0, 270.0)}","{(23.0, 0.0)}","{(11.0, 90.0)}"
473,27,8,"{(23.0, 0.0), (2.0, 135.0)}",set(),"{(7.0, 45.0)}","{(23.0, 0.0)}","{(11.0, 90.0)}"
474,27,9,"{(23.0, 0.0), (2.0, 135.0)}",set(),"{(7.0, 45.0)}","{(23.0, 0.0)}","{(11.0, 90.0)}"
475,27,10,"{(23.0, 0.0), (2.0, 135.0)}","{(8.0, 225.0)}",set(),"{(23.0, 0.0)}","{(11.0, 90.0)}"
476,27,11,"{(23.0, 0.0), (2.0, 135.0)}","{(8.0, 225.0)}","{(8.0, 270.0)}","{(23.0, 0.0)}","{(11.0, 90.0)}"
477,27,12,"{(23.0, 0.0), (2.0, 135.0)}","{(8.0, 225.0)}","{(7.0, 45.0)}","{(23.0, 0.0)}","{(11.0, 90.0)}"
478,27,13,"{(23.0, 0.0), (2.0, 135.0)}","{(8.0, 225.0)}","{(12.0, 135.0), (7.0, 45.0)}","{(23.0, 0.0)}","{(11.0, 90.0)}"
479,27,14,"{(23.0, 0.0), (2.0, 135.0)}","{(8.0, 225.0)}","{(12.0, 135.0), (7.0, 45.0)}","{(23.0, 0.0)}","{(11.0, 90.0)}"
480,27,15,"{(23.0, 0.0), (2.0, 135.0)}","{(8.0, 225.0)}","{(12.0, 135.0), (7.0, 45.0)}","{(23.0, 0.0)}","{(11.0, 90.0)}"
481,27,16,"{(23.0, 0.0), (2.0, 135.0)}","{(8.0, 225.0)}","{(12.0, 135.0), (7.0, 45.0)}","{(23.0, 0.0)}","{(11.0, 90.0)}"
482,27,17,"{(23.0, 0.0), (2.0, 135.0)}","{(8.0, 225.0)}","{(12.0, 135.0), (7.0, 45.0)}","{(23.0, 0.0)}","{(11.0, 90.0)}"
483,27,18,"{(23.0, 0.0), (2.0, 135.0)}","{(8.0, 225.0)}","{(12.0, 135.0), (7.0, 45.0)}","{(23.0, 0.0)}","{(11.0, 90.0)}"
484,28,1,"{(2.0, 135.0)}",set(),set(),set(),set()
485,28,2,"{(2.0, 135.0)}",set(),"{(13.0, 270.0)}",set(),set()
486,28,3,"{(2.0, 135.0)}",set(),"{(7.0, 90.0), (13.0, 270.0)}",set(),set()
487,28,4,"{(2.0, 135.0)}",set(),"{(13.0, 270.0)}",set(),"{(11.0, 90.0)}"
488,28,5,"{(23.0, 0.0), (2.0, 135.0)}",set(),"{(13.0, 270.0)}",set(),"{(11.0, 90.0)}"
489,28,6,"{(23.0, 0.0), (2.0, 135.0)}","{(8.0, 225.0)}","{(13.0, 270.0)}",set(),"{(11.0, 90.0)}"
490,28,7,"{(23.0, 0.0), (2.0, 135.0)}",set(),"{(7.0, 90.0), (13.0, 270.0)}",set(),"{(11.0, 90.0)}"
491,28,8,"{(23.0, 0.0), (2.0, 135.0)}",set(),"{(13.0, 270.0)}","{(23.0, 0.0)}","{(11.0, 90.0)}"
492,28,9,"{(23.0, 0.0), (2.0, 135.0)}",set(),"{(7.0, 45.0)}","{(23.0, 0.0)}","{(11.0, 90.0)}"
493,28,10,"{(23.0, 0.0), (2.0, 135.0)}","{(8.0, 225.0)}","{(7.0, 45.0)}","{(23.0, 0.0)}","{(11.0, 90.0)}"
494,28,11,"{(23.0, 0.0), (2.0, 135.0)}","{(8.0, 225.0)}","{(12.0, 135.0), (7.0, 45.0)}","{(23.0, 0.0)}","{(11.0, 90.0)}"
495,28,12,"{(23.0, 0.0), (2.0, 135.0)}","{(8.0, 225.0)}","{(12.0, 135.0), (7.0, 45.0)}","{(23.0, 0.0)}","{(11.0, 90.0)}"
496,28,13,"{(23.0, 0.0), (2.0, 135.0)}","{(8.0, 225.0)}","{(12.0, 135.0), (7.0, 45.0)}","{(23.0, 0.0)}","{(11.0, 90.0)}"
497,28,14,"{(23.0, 0.0), (2.0, 135.0)}","{(8.0, 225.0)}","{(12.0, 135.0), (7.0, 45.0)}","{(23.0, 0.0)}","{(11.0, 90.0)}"
498,28,15,"{(23.0, 0.0), (2.0, 135.0)}","{(8.0, 225.0)}","{(12.0, 135.0), (7.0, 45.0)}","{(23.0, 0.0)}","{(11.0, 90.0)}"
499,28,16,"{(23.0, 0.0), (2.0, 135.0)}","{(8.0, 225.0)}","{(12.0, 135.0), (7.0, 45.0)}","{(23.0, 0.0)}","{(11.0, 90.0)}"
500,28,17,"{(23.0, 0.0), (2.0, 135.0)}","{(8.0, 225.0)}","{(12.0, 135.0), (7.0, 45.0)}","{(23.0, 0.0)}","{(11.0, 90.0)}"
501,29,1,"{(23.0, 0.0)}",set(),set(),set(),set()
502,29,2,"{(23.0, 0.0)}",set(),set(),set(),"{(11.0, 90.0)}"
503,29,3,"{(23.0, 0.0)}",set(),"{(13.0, 270.0)}",set(),"{(11.0, 90.0)}"
504,29,4,"{(23.0, 0.0), (2.0, 135.0)}",set(),"{(13.0, 270.0)}",set(),"{(11.0, 90.0)}"
505,29,5,"{(23.0, 0.0), (2.0, 135.0)}",set(),"{(13.0, 270.0)}","{(23.0, 0.0)}","{(11.0, 90.0)}"
506,29,6,"{(23.0, 0.0), (2.0, 135.0)}",set(),"{(7.0, 90.0), (13.0, 270.0)}","{(23.0, 0.0)}","{(11.0, 90.0)}"
507,29,7,"{(23.0, 0.0), (2.0, 135.0)}","{(8.0, 225.0)}","{(13.0, 270.0)}","{(23.0, 0.0)}","{(11.0, 90.0)}"
508,29,8,"{(23.0, 0.0), (2.0, 135.0)}","{(12.0, 270.0)}",set(),"{(23.0, 0.0)}","{(11.0, 90.0)}"
509,29,9,"{(23.0, 0.0), (2.0, 135.0)}",set(),"{(13.0, 270.0)}","{(23.0, 0.0)}","{(11.0, 90.0)}"
510,29,10,"{(23.0, 0.0), (2.0, 135.0)}","{(8.0, 135.0)}","{(13.0, 270.0)}","{(23.0, 0.0)}","{(11.0, 90.0)}"
511,29,11,"{(23.0, 0.0), (2.0, 135.0)}",set(),"{(7.0, 90.0), (13.0, 270.0)}","{(23.0, 0.0)}","{(11.0, 90.0)}"
512,29,12,"{(23.0, 0.0), (2.0, 135.0)}","{(8.0, 225.0)}","{(13.0, 270.0)}","{(23.0, 0.0)}","{(11.0, 90.0)}"
513,29,13,"{(23.0, 0.0), (2.0, 135.0)}",set(),"{(7.0, 45.0)}","{(23.0, 0.0)}","{(11.0, 90.0)}"
514,29,14,"{(23.0, 0.0), (2.0, 135.0)}",set(),"{(7.0, 45.0)}","{(23.0, 0.0)}","{(11.0, 90.0)}"
